-- phpMyAdmin SQL Dump
-- version 4.9.0.1
-- https://www.phpmyadmin.net/
--
-- Host: 127.0.0.1
-- Waktu pembuatan: 24 Mar 2021 pada 12.53
-- Versi server: 10.4.6-MariaDB
-- Versi PHP: 5.6.40

SET SQL_MODE = "NO_AUTO_VALUE_ON_ZERO";
SET AUTOCOMMIT = 0;
START TRANSACTION;
SET time_zone = "+00:00";


/*!40101 SET @OLD_CHARACTER_SET_CLIENT=@@CHARACTER_SET_CLIENT */;
/*!40101 SET @OLD_CHARACTER_SET_RESULTS=@@CHARACTER_SET_RESULTS */;
/*!40101 SET @OLD_COLLATION_CONNECTION=@@COLLATION_CONNECTION */;
/*!40101 SET NAMES utf8mb4 */;

--
-- Database: `toko_online`
--

-- --------------------------------------------------------

--
-- Struktur dari tabel `admin`
--

CREATE TABLE `admin` (
  `id_admin` int(11) NOT NULL,
  `username` varchar(100) NOT NULL,
  `password` varchar(100) NOT NULL,
  `nama_lengkap` varchar(100) NOT NULL
) ENGINE=InnoDB DEFAULT CHARSET=latin1;

--
-- Dumping data untuk tabel `admin`
--

INSERT INTO `admin` (`id_admin`, `username`, `password`, `nama_lengkap`) VALUES
(1, 'admin', 'admin', 'Admin');

-- --------------------------------------------------------

--
-- Struktur dari tabel `pelanggan`
--

CREATE TABLE `pelanggan` (
  `id_pelanggan` int(11) NOT NULL,
  `email` varchar(100) NOT NULL,
  `password` varchar(50) NOT NULL,
  `nama_lengkap` varchar(100) NOT NULL,
  `no_hp` varchar(25) NOT NULL
) ENGINE=InnoDB DEFAULT CHARSET=latin1;

--
-- Dumping data untuk tabel `pelanggan`
--

INSERT INTO `pelanggan` (`id_pelanggan`, `email`, `password`, `nama_lengkap`, `no_hp`) VALUES
(1, 'fathur.rachmad45@gmail.com', 'fathur', 'Syamsi Fathur', '081242625905'),
(2, 'fathur.rachmad35@gmail.com', 'syamsi', 'fathur rachmad', '081242134315'),
(3, 'ilham@gmail.com', 'ilham', 'Ilham God', '081415239857');

-- --------------------------------------------------------

--
-- Struktur dari tabel `pembelian`
--

CREATE TABLE `pembelian` (
  `id_pembelian` int(11) NOT NULL,
  `id_pelanggan` int(11) NOT NULL,
  `tanggal` date NOT NULL,
  `total` int(11) NOT NULL
) ENGINE=InnoDB DEFAULT CHARSET=latin1;

--
-- Dumping data untuk tabel `pembelian`
--

INSERT INTO `pembelian` (`id_pembelian`, `id_pelanggan`, `tanggal`, `total`) VALUES
(1, 1, '2021-01-10', 150000),
(2, 1, '2021-01-10', 35000),
(3, 1, '2021-03-15', 35000),
(4, 1, '2021-03-15', 25000),
(5, 2, '2021-03-15', 35000),
(6, 1, '2021-03-16', 35000),
(7, 1, '2021-03-18', 35000),
(8, 1, '2021-03-18', 35000),
(9, 1, '2021-03-18', 35000),
(10, 3, '2021-03-24', 145000);

-- --------------------------------------------------------

--
-- Struktur dari tabel `pembelian_produk`
--

CREATE TABLE `pembelian_produk` (
  `id_pembelian_produk` int(11) NOT NULL,
  `id_pembelian` int(11) NOT NULL,
  `id_produk` int(11) NOT NULL,
  `jumlah` int(11) NOT NULL
) ENGINE=InnoDB DEFAULT CHARSET=latin1;

--
-- Dumping data untuk tabel `pembelian_produk`
--

INSERT INTO `pembelian_produk` (`id_pembelian_produk`, `id_pembelian`, `id_produk`, `jumlah`) VALUES
(1, 1, 1, 1),
(2, 1, 2, 1),
(3, 3, 1, 1),
(4, 4, 4, 1),
(5, 5, 1, 1),
(6, 6, 1, 1),
(7, 7, 1, 1),
(8, 8, 1, 1),
(9, 9, 1, 1),
(10, 10, 2, 1);

-- --------------------------------------------------------

--
-- Struktur dari tabel `produk`
--

CREATE TABLE `produk` (
  `id_produk` int(11) NOT NULL,
  `nama_produk` varchar(100) NOT NULL,
  `stock` int(11) NOT NULL,
  `harga` int(11) NOT NULL,
  `foto_produk` varchar(100) NOT NULL
) ENGINE=InnoDB DEFAULT CHARSET=latin1;

--
-- Dumping data untuk tabel `produk`
--

INSERT INTO `produk` (`id_produk`, `nama_produk`, `stock`, `harga`, `foto_produk`) VALUES
(1, 'Netflix Sharing', 25, 35000, 'netflix.png'),
(2, 'Netflix Personal', 20, 145000, 'netflix.png'),
(3, 'Spotify', 15, 25000, 'spotifylogo.png'),
(4, 'Disney +', 20, 25000, 'disney.jpg');

--
-- Indexes for dumped tables
--

--
-- Indeks untuk tabel `admin`
--
ALTER TABLE `admin`
  ADD PRIMARY KEY (`id_admin`);

--
-- Indeks untuk tabel `pelanggan`
--
ALTER TABLE `pelanggan`
  ADD PRIMARY KEY (`id_pelanggan`);

--
-- Indeks untuk tabel `pembelian`
--
ALTER TABLE `pembelian`
  ADD PRIMARY KEY (`id_pembelian`);

--
-- Indeks untuk tabel `pembelian_produk`
--
ALTER TABLE `pembelian_produk`
  ADD PRIMARY KEY (`id_pembelian_produk`);

--
-- Indeks untuk tabel `produk`
--
ALTER TABLE `produk`
  ADD PRIMARY KEY (`id_produk`);

--
-- AUTO_INCREMENT untuk tabel yang dibuang
--

--
-- AUTO_INCREMENT untuk tabel `admin`
--
ALTER TABLE `admin`
  MODIFY `id_admin` int(11) NOT NULL AUTO_INCREMENT, AUTO_INCREMENT=2;

--
-- AUTO_INCREMENT untuk tabel `pelanggan`
--
ALTER TABLE `pelanggan`
  MODIFY `id_pelanggan` int(11) NOT NULL AUTO_INCREMENT, AUTO_INCREMENT=4;

--
-- AUTO_INCREMENT untuk tabel `pembelian`
--
ALTER TABLE `pembelian`
  MODIFY `id_pembelian` int(11) NOT NULL AUTO_INCREMENT, AUTO_INCREMENT=11;

--
-- AUTO_INCREMENT untuk tabel `pembelian_produk`
--
ALTER TABLE `pembelian_produk`
  MODIFY `id_pembelian_produk` int(11) NOT NULL AUTO_INCREMENT, AUTO_INCREMENT=11;

--
-- AUTO_INCREMENT untuk tabel `produk`
--
ALTER TABLE `produk`
  MODIFY `id_produk` int(11) NOT NULL AUTO_INCREMENT, AUTO_INCREMENT=13;
COMMIT;

/*!40101 SET CHARACTER_SET_CLIENT=@OLD_CHARACTER_SET_CLIENT */;
/*!40101 SET CHARACTER_SET_RESULTS=@OLD_CHARACTER_SET_RESULTS */;
/*!40101 SET COLLATION_CONNECTION=@OLD_COLLATION_CONNECTION */;
